Department,Category,Month,Budget,Actual,Currency
Sales,Revenue,Jan 2022,525555,552775,USD
Sales,Revenue,Feb 2022,542529,601335,USD
Sales,Revenue,Mar 2022,579226,557434,USD
Sales,Revenue,Apr 2022,407498,438361,USD
Sales,Revenue,May 2022,259618,210431,USD
Sales,Revenue,Jun 2022,530406,659774,USD
Sales,Revenue,Jul 2022,293837,270880,USD
Sales,Revenue,Aug 2022,522545,541322,USD
Sales,Revenue,Sep 2022,487296,532540,USD
Sales,Revenue,Oct 2022,534834,473517,USD
Sales,Revenue,Nov 2022,476440,405384,USD
Sales,Revenue,Dec 2022,260395,215978,USD
Sales,Revenue,Jan 2023,415113,365888,USD
Sales,Revenue,Feb 2023,493959,472690,USD
Sales,Revenue,Mar 2023,492576,613233,USD
Sales,Revenue,Apr 2023,565806,641050,USD
Sales,Revenue,May 2023,486706,535320,USD
Sales,Revenue,Jun 2023,577375,435281,USD
Sales,Revenue,Jul 2023,424826,464011,USD
Sales,Revenue,Aug 2023,583619,500944,USD
Sales,Revenue,Sep 2023,589454,698028,USD
Sales,Revenue,Oct 2023,270646,313619,USD
Sales,Revenue,Nov 2023,256157,283124,USD
Sales,Revenue,Dec 2023,431400,479783,USD
Sales,Revenue,Jan 2024,584625,632786,USD
Sales,Revenue,Feb 2024,263302,243807,USD
Sales,Revenue,Mar 2024,555704,670952,USD
Sales,Revenue,Apr 2024,289939,267941,USD
Sales,Revenue,May 2024,456620,520378,USD
Sales,Revenue,Jun 2024,432183,480569,USD
Sales,Revenue,Jul 2024,526589,620868,USD
Sales,Revenue,Aug 2024,335668,289153,USD
Sales,Revenue,Sep 2024,404764,313352,USD
Sales,Revenue,Oct 2024,524395,528079,USD
Sales,Revenue,Nov 2024,591954,637980,USD
Sales,Revenue,Dec 2024,553490,553432,USD
Sales,COGS,Jan 2022,193045,183063,USD
Sales,COGS,Feb 2022,190148,164657,USD
Sales,COGS,Mar 2022,171315,151300,USD
Sales,COGS,Apr 2022,105732,124781,USD
Sales,COGS,May 2022,151673,164538,USD
Sales,COGS,Jun 2022,100931,112670,USD
Sales,COGS,Jul 2022,156412,175696,USD
Sales,COGS,Aug 2022,164003,168073,USD
Sales,COGS,Sep 2022,161727,199602,USD
Sales,COGS,Oct 2022,184128,176761,USD
Sales,COGS,Nov 2022,126877,134376,USD
Sales,COGS,Dec 2022,103368,105885,USD
Sales,COGS,Jan 2023,66903,79238,USD
Sales,COGS,Feb 2023,175657,199861,USD
Sales,COGS,Mar 2023,159806,153730,USD
Sales,COGS,Apr 2023,162416,194901,USD
Sales,COGS,May 2023,151244,138709,USD
Sales,COGS,Jun 2023,172204,140159,USD
Sales,COGS,Jul 2023,195609,238545,USD
Sales,COGS,Aug 2023,139766,135147,USD
Sales,COGS,Sep 2023,167430,139629,USD
Sales,COGS,Oct 2023,153846,121182,USD
Sales,COGS,Nov 2023,72193,65662,USD
Sales,COGS,Dec 2023,192585,162382,USD
Sales,COGS,Jan 2024,133314,147168,USD
Sales,COGS,Feb 2024,114792,121482,USD
Sales,COGS,Mar 2024,152754,117096,USD
Sales,COGS,Apr 2024,171648,140239,USD
Sales,COGS,May 2024,73220,73201,USD
Sales,COGS,Jun 2024,84256,96806,USD
Sales,COGS,Jul 2024,75940,61131,USD
Sales,COGS,Aug 2024,176155,147402,USD
Sales,COGS,Sep 2024,67311,70402,USD
Sales,COGS,Oct 2024,153806,162020,USD
Sales,COGS,Nov 2024,86522,73958,USD
Sales,COGS,Dec 2024,153303,169895,USD
Sales,Operating Expenses,Jan 2022,136285,104938,USD
Sales,Operating Expenses,Feb 2022,199380,199445,USD
Sales,Operating Expenses,Mar 2022,143109,123623,USD
Sales,Operating Expenses,Apr 2022,190077,214911,USD
Sales,Operating Expenses,May 2022,161057,155386,USD
Sales,Operating Expenses,Jun 2022,106945,88006,USD
Sales,Operating Expenses,Jul 2022,147179,166110,USD
Sales,Operating Expenses,Aug 2022,120754,144058,USD
Sales,Operating Expenses,Sep 2022,86617,93271,USD
Sales,Operating Expenses,Oct 2022,84006,74654,USD
Sales,Operating Expenses,Nov 2022,75379,71413,USD
Sales,Operating Expenses,Dec 2022,94430,117301,USD
Sales,Operating Expenses,Jan 2023,181947,189141,USD
Sales,Operating Expenses,Feb 2023,131599,119972,USD
Sales,Operating Expenses,Mar 2023,138861,172949,USD
Sales,Operating Expenses,Apr 2023,156862,165274,USD
Sales,Operating Expenses,May 2023,145363,131862,USD
Sales,Operating Expenses,Jun 2023,120167,91418,USD
Sales,Operating Expenses,Jul 2023,180458,188272,USD
Sales,Operating Expenses,Aug 2023,139768,115670,USD
Sales,Operating Expenses,Sep 2023,138521,145180,USD
Sales,Operating Expenses,Oct 2023,98094,118840,USD
Sales,Operating Expenses,Nov 2023,147596,172520,USD
Sales,Operating Expenses,Dec 2023,138966,128132,USD
Sales,Operating Expenses,Jan 2024,145978,119387,USD
Sales,Operating Expenses,Feb 2024,162642,179731,USD
Sales,Operating Expenses,Mar 2024,83039,67537,USD
Sales,Operating Expenses,Apr 2024,91162,109599,USD
Sales,Operating Expenses,May 2024,74923,83802,USD
Sales,Operating Expenses,Jun 2024,103713,91638,USD
Sales,Operating Expenses,Jul 2024,78101,87371,USD
Sales,Operating Expenses,Aug 2024,104358,130427,USD
Sales,Operating Expenses,Sep 2024,184312,205023,USD
Sales,Operating Expenses,Oct 2024,174151,160749,USD
Sales,Operating Expenses,Nov 2024,127968,128063,USD
Sales,Operating Expenses,Dec 2024,162264,146322,USD
Sales,Other Income,Jan 2022,189272,223619,USD
Sales,Other Income,Feb 2022,157584,128524,USD
Sales,Other Income,Mar 2022,151023,172672,USD
Sales,Other Income,Apr 2022,83025,97953,USD
Sales,Other Income,May 2022,136149,165457,USD
Sales,Other Income,Jun 2022,182198,175470,USD
Sales,Other Income,Jul 2022,94973,108321,USD
Sales,Other Income,Aug 2022,89706,92379,USD
Sales,Other Income,Sep 2022,143303,156663,USD
Sales,Other Income,Oct 2022,152548,138499,USD
Sales,Other Income,Nov 2022,67478,54145,USD
Sales,Other Income,Dec 2022,136078,109011,USD
Sales,Other Income,Jan 2023,192572,155646,USD
Sales,Other Income,Feb 2023,117686,126868,USD
Sales,Other Income,Mar 2023,188051,216069,USD
Sales,Other Income,Apr 2023,159929,145547,USD
Sales,Other Income,May 2023,122569,146926,USD
Sales,Other Income,Jun 2023,195628,228167,USD
Sales,Other Income,Jul 2023,107306,108577,USD
Sales,Other Income,Aug 2023,151960,116992,USD
Sales,Other Income,Sep 2023,69325,61727,USD
Sales,Other Income,Oct 2023,150119,148287,USD
Sales,Other Income,Nov 2023,190796,233966,USD
Sales,Other Income,Dec 2023,168780,171754,USD
Sales,Other Income,Jan 2024,185052,191684,USD
Sales,Other Income,Feb 2024,126398,113002,USD
Sales,Other Income,Mar 2024,156300,143472,USD
Sales,Other Income,Apr 2024,65885,62960,USD
Sales,Other Income,May 2024,68108,74595,USD
Sales,Other Income,Jun 2024,116912,123585,USD
Sales,Other Income,Jul 2024,187106,174851,USD
Sales,Other Income,Aug 2024,155347,177321,USD
Sales,Other Income,Sep 2024,86701,91437,USD
Sales,Other Income,Oct 2024,185850,231021,USD
Sales,Other Income,Nov 2024,75099,86867,USD
Sales,Other Income,Dec 2024,166899,173692,USD
Marketing,Revenue,Jan 2022,469449,461092,USD
Marketing,Revenue,Feb 2022,584718,552759,USD
Marketing,Revenue,Mar 2022,362196,294294,USD
Marketing,Revenue,Apr 2022,305642,260944,USD
Marketing,Revenue,May 2022,596822,702134,USD
Marketing,Revenue,Jun 2022,360054,324330,USD
Marketing,Revenue,Jul 2022,591594,550719,USD
Marketing,Revenue,Aug 2022,317214,262141,USD
Marketing,Revenue,Sep 2022,420395,434459,USD
Marketing,Revenue,Oct 2022,544652,471117,USD
Marketing,Revenue,Nov 2022,515456,577271,USD
Marketing,Revenue,Dec 2022,472920,378821,USD
Marketing,Revenue,Jan 2023,414280,514845,USD
Marketing,Revenue,Feb 2023,436343,439794,USD
Marketing,Revenue,Mar 2023,447306,347032,USD
Marketing,Revenue,Apr 2023,376844,368285,USD
Marketing,Revenue,May 2023,493741,585411,USD
Marketing,Revenue,Jun 2023,385713,342569,USD
Marketing,Revenue,Jul 2023,435034,425495,USD
Marketing,Revenue,Aug 2023,317852,258145,USD
Marketing,Revenue,Sep 2023,386791,442057,USD
Marketing,Revenue,Oct 2023,578050,560570,USD
Marketing,Revenue,Nov 2023,518572,549337,USD
Marketing,Revenue,Dec 2023,556344,482076,USD
Marketing,Revenue,Jan 2024,572902,451684,USD
Marketing,Revenue,Feb 2024,553459,529816,USD
Marketing,Revenue,Mar 2024,441659,526575,USD
Marketing,Revenue,Apr 2024,587335,683300,USD
Marketing,Revenue,May 2024,323208,331026,USD
Marketing,Revenue,Jun 2024,351080,420838,USD
Marketing,Revenue,Jul 2024,505144,528462,USD
Marketing,Revenue,Aug 2024,401813,303116,USD
Marketing,Revenue,Sep 2024,420213,477558,USD
Marketing,Revenue,Oct 2024,573799,502685,USD
Marketing,Revenue,Nov 2024,411195,422605,USD
Marketing,Revenue,Dec 2024,374605,369094,USD
Marketing,COGS,Jan 2022,137341,167986,USD
Marketing,COGS,Feb 2022,115418,113816,USD
Marketing,COGS,Mar 2022,170449,187280,USD
Marketing,COGS,Apr 2022,119005,107983,USD
Marketing,COGS,May 2022,78807,83879,USD
Marketing,COGS,Jun 2022,79151,91490,USD
Marketing,COGS,Jul 2022,112525,138851,USD
Marketing,COGS,Aug 2022,192480,235189,USD
Marketing,COGS,Sep 2022,99689,109020,USD
Marketing,COGS,Oct 2022,100377,75404,USD
Marketing,COGS,Nov 2022,109101,115612,USD
Marketing,COGS,Dec 2022,147872,123953,USD
Marketing,COGS,Jan 2023,130757,160116,USD
Marketing,COGS,Feb 2023,60512,68395,USD
Marketing,COGS,Mar 2023,169770,163896,USD
Marketing,COGS,Apr 2023,178722,172829,USD
Marketing,COGS,May 2023,181771,148758,USD
Marketing,COGS,Jun 2023,163635,130821,USD
Marketing,COGS,Jul 2023,112536,88019,USD
Marketing,COGS,Aug 2023,170260,172400,USD
Marketing,COGS,Sep 2023,117104,112962,USD
Marketing,COGS,Oct 2023,199562,241874,USD
Marketing,COGS,Nov 2023,119142,144961,USD
Marketing,COGS,Dec 2023,66960,53940,USD
Marketing,COGS,Jan 2024,77450,90923,USD
Marketing,COGS,Feb 2024,78159,67871,USD
Marketing,COGS,Mar 2024,185128,229324,USD
Marketing,COGS,Apr 2024,129337,152409,USD
Marketing,COGS,May 2024,105874,92741,USD
Marketing,COGS,Jun 2024,74707,88468,USD
Marketing,COGS,Jul 2024,83314,81145,USD
Marketing,COGS,Aug 2024,148872,122317,USD
Marketing,COGS,Sep 2024,150943,121583,USD
Marketing,COGS,Oct 2024,173782,152103,USD
Marketing,COGS,Nov 2024,175343,149070,USD
Marketing,COGS,Dec 2024,79332,84616,USD
Marketing,Operating Expenses,Jan 2022,72915,62258,USD
Marketing,Operating Expenses,Feb 2022,144218,123821,USD
Marketing,Operating Expenses,Mar 2022,116363,143824,USD
Marketing,Operating Expenses,Apr 2022,147687,171283,USD
Marketing,Operating Expenses,May 2022,198379,236055,USD
Marketing,Operating Expenses,Jun 2022,121189,91487,USD
Marketing,Operating Expenses,Jul 2022,108528,132722,USD
Marketing,Operating Expenses,Aug 2022,115272,97376,USD
Marketing,Operating Expenses,Sep 2022,115768,117991,USD
Marketing,Operating Expenses,Oct 2022,185493,151841,USD
Marketing,Operating Expenses,Nov 2022,87439,100684,USD
Marketing,Operating Expenses,Dec 2022,177023,141106,USD
Marketing,Operating Expenses,Jan 2023,141230,149782,USD
Marketing,Operating Expenses,Feb 2023,179635,212380,USD
Marketing,Operating Expenses,Mar 2023,184223,176904,USD
Marketing,Operating Expenses,Apr 2023,87471,72785,USD
Marketing,Operating Expenses,May 2023,135377,111397,USD
Marketing,Operating Expenses,Jun 2023,169430,156072,USD
Marketing,Operating Expenses,Jul 2023,77616,75581,USD
Marketing,Operating Expenses,Aug 2023,179767,193592,USD
Marketing,Operating Expenses,Sep 2023,183703,170854,USD
Marketing,Operating Expenses,Oct 2023,66599,70014,USD
Marketing,Operating Expenses,Nov 2023,62997,73569,USD
Marketing,Operating Expenses,Dec 2023,116358,100637,USD
Marketing,Operating Expenses,Jan 2024,84098,98577,USD
Marketing,Operating Expenses,Feb 2024,173997,140187,USD
Marketing,Operating Expenses,Mar 2024,140386,174918,USD
Marketing,Operating Expenses,Apr 2024,151818,128742,USD
Marketing,Operating Expenses,May 2024,143974,127922,USD
Marketing,Operating Expenses,Jun 2024,185586,226273,USD
Marketing,Operating Expenses,Jul 2024,91567,93220,USD
Marketing,Operating Expenses,Aug 2024,94437,72610,USD
Marketing,Operating Expenses,Sep 2024,198884,172237,USD
Marketing,Operating Expenses,Oct 2024,130335,136332,USD
Marketing,Operating Expenses,Nov 2024,60357,53347,USD
Marketing,Operating Expenses,Dec 2024,172535,136160,USD
Marketing,Other Income,Jan 2022,89730,90120,USD
Marketing,Other Income,Feb 2022,60923,53150,USD
Marketing,Other Income,Mar 2022,82202,69608,USD
Marketing,Other Income,Apr 2022,74595,78680,USD
Marketing,Other Income,May 2022,198168,150014,USD
Marketing,Other Income,Jun 2022,76949,89384,USD
Marketing,Other Income,Jul 2022,129353,116414,USD
Marketing,Other Income,Aug 2022,163770,125716,USD
Marketing,Other Income,Sep 2022,111306,117640,USD
Marketing,Other Income,Oct 2022,61326,55058,USD
Marketing,Other Income,Nov 2022,173322,215939,USD
Marketing,Other Income,Dec 2022,123600,120048,USD
Marketing,Other Income,Jan 2023,164306,135266,USD
Marketing,Other Income,Feb 2023,84030,66333,USD
Marketing,Other Income,Mar 2023,125097,155777,USD
Marketing,Other Income,Apr 2023,126640,105949,USD
Marketing,Other Income,May 2023,150015,165142,USD
Marketing,Other Income,Jun 2023,61758,50455,USD
Marketing,Other Income,Jul 2023,109839,131178,USD
Marketing,Other Income,Aug 2023,195334,163908,USD
Marketing,Other Income,Sep 2023,182605,221360,USD
Marketing,Other Income,Oct 2023,74042,63306,USD
Marketing,Other Income,Nov 2023,191391,173050,USD
Marketing,Other Income,Dec 2023,192775,153981,USD
Marketing,Other Income,Jan 2024,169503,151392,USD
Marketing,Other Income,Feb 2024,194496,236849,USD
Marketing,Other Income,Mar 2024,176645,211219,USD
Marketing,Other Income,Apr 2024,142452,124032,USD
Marketing,Other Income,May 2024,64205,50511,USD
Marketing,Other Income,Jun 2024,83440,90813,USD
Marketing,Other Income,Jul 2024,100600,109248,USD
Marketing,Other Income,Aug 2024,191720,172030,USD
Marketing,Other Income,Sep 2024,122629,131512,USD
Marketing,Other Income,Oct 2024,188877,213236,USD
Marketing,Other Income,Nov 2024,103626,126635,USD
Marketing,Other Income,Dec 2024,117952,113740,USD
R&D,Revenue,Jan 2022,444264,455580,USD
R&D,Revenue,Feb 2022,376531,332544,USD
R&D,Revenue,Mar 2022,468152,435398,USD
R&D,Revenue,Apr 2022,330548,264778,USD
R&D,Revenue,May 2022,589229,533369,USD
R&D,Revenue,Jun 2022,274411,284661,USD
R&D,Revenue,Jul 2022,529692,563069,USD
R&D,Revenue,Aug 2022,516623,544872,USD
R&D,Revenue,Sep 2022,320581,278690,USD
R&D,Revenue,Oct 2022,560404,686584,USD
R&D,Revenue,Nov 2022,584821,576526,USD
R&D,Revenue,Dec 2022,383917,316189,USD
R&D,Revenue,Jan 2023,298892,368633,USD
R&D,Revenue,Feb 2023,321299,389486,USD
R&D,Revenue,Mar 2023,569451,477898,USD
R&D,Revenue,Apr 2023,502857,593557,USD
R&D,Revenue,May 2023,262867,222520,USD
R&D,Revenue,Jun 2023,455099,440090,USD
R&D,Revenue,Jul 2023,352728,295962,USD
R&D,Revenue,Aug 2023,582701,555048,USD
R&D,Revenue,Sep 2023,395817,316606,USD
R&D,Revenue,Oct 2023,508178,598864,USD
R&D,Revenue,Nov 2023,378076,333772,USD
R&D,Revenue,Dec 2023,485607,484911,USD
R&D,Revenue,Jan 2024,596288,496199,USD
R&D,Revenue,Feb 2024,593208,488642,USD
R&D,Revenue,Mar 2024,359003,361524,USD
R&D,Revenue,Apr 2024,314190,253714,USD
R&D,Revenue,May 2024,515984,488640,USD
R&D,Revenue,Jun 2024,434029,435452,USD
R&D,Revenue,Jul 2024,388242,298800,USD
R&D,Revenue,Aug 2024,434525,500806,USD
R&D,Revenue,Sep 2024,304948,246826,USD
R&D,Revenue,Oct 2024,568155,700450,USD
R&D,Revenue,Nov 2024,275044,311142,USD
R&D,Revenue,Dec 2024,331979,324361,USD
R&D,COGS,Jan 2022,171099,130435,USD
R&D,COGS,Feb 2022,123522,146434,USD
R&D,COGS,Mar 2022,149570,171073,USD
R&D,COGS,Apr 2022,122836,153270,USD
R&D,COGS,May 2022,67840,72454,USD
R&D,COGS,Jun 2022,152115,166244,USD
R&D,COGS,Jul 2022,68306,56005,USD
R&D,COGS,Aug 2022,63266,64442,USD
R&D,COGS,Sep 2022,79635,66995,USD
R&D,COGS,Oct 2022,145516,174782,USD
R&D,COGS,Nov 2022,89138,83065,USD
R&D,COGS,Dec 2022,128135,108182,USD
R&D,COGS,Jan 2023,100082,88300,USD
R&D,COGS,Feb 2023,171470,182583,USD
R&D,COGS,Mar 2023,87652,74135,USD
R&D,COGS,Apr 2023,158620,189735,USD
R&D,COGS,May 2023,193601,204892,USD
R&D,COGS,Jun 2023,131358,120740,USD
R&D,COGS,Jul 2023,68381,75957,USD
R&D,COGS,Aug 2023,124621,114667,USD
R&D,COGS,Sep 2023,111464,120141,USD
R&D,COGS,Oct 2023,94690,115305,USD
R&D,COGS,Nov 2023,80335,99775,USD
R&D,COGS,Dec 2023,101775,84406,USD
R&D,COGS,Jan 2024,77857,66502,USD
R&D,COGS,Feb 2024,94430,91740,USD
R&D,COGS,Mar 2024,112940,98824,USD
R&D,COGS,Apr 2024,151893,176990,USD
R&D,COGS,May 2024,82774,98809,USD
R&D,COGS,Jun 2024,119242,139637,USD
R&D,COGS,Jul 2024,103145,111553,USD
R&D,COGS,Aug 2024,118879,100265,USD
R&D,COGS,Sep 2024,142658,173258,USD
R&D,COGS,Oct 2024,91854,96991,USD
R&D,COGS,Nov 2024,76526,89651,USD
R&D,COGS,Dec 2024,165651,203354,USD
R&D,Operating Expenses,Jan 2022,146712,130888,USD
R&D,Operating Expenses,Feb 2022,158162,183520,USD
R&D,Operating Expenses,Mar 2022,132864,138002,USD
R&D,Operating Expenses,Apr 2022,107668,87573,USD
R&D,Operating Expenses,May 2022,113561,87282,USD
R&D,Operating Expenses,Jun 2022,190525,214589,USD
R&D,Operating Expenses,Jul 2022,126798,126526,USD
R&D,Operating Expenses,Aug 2022,64546,64064,USD
R&D,Operating Expenses,Sep 2022,181901,191827,USD
R&D,Operating Expenses,Oct 2022,145323,170678,USD
R&D,Operating Expenses,Nov 2022,104891,112017,USD
R&D,Operating Expenses,Dec 2022,184916,229448,USD
R&D,Operating Expenses,Jan 2023,81298,76506,USD
R&D,Operating Expenses,Feb 2023,83680,64024,USD
R&D,Operating Expenses,Mar 2023,70537,88126,USD
R&D,Operating Expenses,Apr 2023,63832,50585,USD
R&D,Operating Expenses,May 2023,128681,112370,USD
R&D,Operating Expenses,Jun 2023,164123,191047,USD
R&D,Operating Expenses,Jul 2023,123505,151158,USD
R&D,Operating Expenses,Aug 2023,85809,100235,USD
R&D,Operating Expenses,Sep 2023,151263,139350,USD
R&D,Operating Expenses,Oct 2023,195458,192408,USD
R&D,Operating Expenses,Nov 2023,123476,104730,USD
R&D,Operating Expenses,Dec 2023,101727,126819,USD
R&D,Operating Expenses,Jan 2024,184285,144683,USD
R&D,Operating Expenses,Feb 2024,72498,76560,USD
R&D,Operating Expenses,Mar 2024,163417,135359,USD
R&D,Operating Expenses,Apr 2024,197302,190019,USD
R&D,Operating Expenses,May 2024,99559,112485,USD
R&D,Operating Expenses,Jun 2024,120242,107143,USD
R&D,Operating Expenses,Jul 2024,115782,141289,USD
R&D,Operating Expenses,Aug 2024,77756,87034,USD
R&D,Operating Expenses,Sep 2024,99388,82548,USD
R&D,Operating Expenses,Oct 2024,187239,206124,USD
R&D,Operating Expenses,Nov 2024,196010,186289,USD
R&D,Operating Expenses,Dec 2024,160284,152905,USD
R&D,Other Income,Jan 2022,161651,198750,USD
R&D,Other Income,Feb 2022,185829,182944,USD
R&D,Other Income,Mar 2022,196730,238024,USD
R&D,Other Income,Apr 2022,81942,93622,USD
R&D,Other Income,May 2022,190413,150102,USD
R&D,Other Income,Jun 2022,94397,72964,USD
R&D,Other Income,Jul 2022,125764,121357,USD
R&D,Other Income,Aug 2022,119217,114596,USD
R&D,Other Income,Sep 2022,167534,195860,USD
R&D,Other Income,Oct 2022,149010,146594,USD
R&D,Other Income,Nov 2022,79665,63545,USD
R&D,Other Income,Dec 2022,95101,80464,USD
R&D,Other Income,Jan 2023,108379,123834,USD
R&D,Other Income,Feb 2023,154807,159128,USD
R&D,Other Income,Mar 2023,67576,75771,USD
R&D,Other Income,Apr 2023,152880,151296,USD
R&D,Other Income,May 2023,78969,67764,USD
R&D,Other Income,Jun 2023,105321,104413,USD
R&D,Other Income,Jul 2023,92479,109067,USD
R&D,Other Income,Aug 2023,144870,175014,USD
R&D,Other Income,Sep 2023,193026,237147,USD
R&D,Other Income,Oct 2023,135458,156301,USD
R&D,Other Income,Nov 2023,92198,86536,USD
R&D,Other Income,Dec 2023,134124,130372,USD
R&D,Other Income,Jan 2024,186066,223430,USD
R&D,Other Income,Feb 2024,117941,99810,USD
R&D,Other Income,Mar 2024,165966,189986,USD
R&D,Other Income,Apr 2024,102804,99100,USD
R&D,Other Income,May 2024,143703,171347,USD
R&D,Other Income,Jun 2024,186820,230435,USD
R&D,Other Income,Jul 2024,179147,174491,USD
R&D,Other Income,Aug 2024,186186,179072,USD
R&D,Other Income,Sep 2024,129838,134135,USD
R&D,Other Income,Oct 2024,130702,136438,USD
R&D,Other Income,Nov 2024,183520,209275,USD
R&D,Other Income,Dec 2024,116464,121292,USD
Finance,Revenue,Jan 2022,392794,407455,USD
Finance,Revenue,Feb 2022,472817,378261,USD
Finance,Revenue,Mar 2022,253178,294606,USD
Finance,Revenue,Apr 2022,554583,602805,USD
Finance,Revenue,May 2022,542498,469923,USD
Finance,Revenue,Jun 2022,334880,281173,USD
Finance,Revenue,Jul 2022,405707,433424,USD
Finance,Revenue,Aug 2022,336440,419787,USD
Finance,Revenue,Sep 2022,305660,237856,USD
Finance,Revenue,Oct 2022,293627,324910,USD
Finance,Revenue,Nov 2022,464925,468741,USD
Finance,Revenue,Dec 2022,505504,594122,USD
Finance,Revenue,Jan 2023,384609,373457,USD
Finance,Revenue,Feb 2023,487919,575213,USD
Finance,Revenue,Mar 2023,441195,378726,USD
Finance,Revenue,Apr 2023,581104,593927,USD
Finance,Revenue,May 2023,489175,610624,USD
Finance,Revenue,Jun 2023,276033,220028,USD
Finance,Revenue,Jul 2023,441443,467125,USD
Finance,Revenue,Aug 2023,431533,327115,USD
Finance,Revenue,Sep 2023,300613,290129,USD
Finance,Revenue,Oct 2023,530549,402182,USD
Finance,Revenue,Nov 2023,395286,421812,USD
Finance,Revenue,Dec 2023,435968,537581,USD
Finance,Revenue,Jan 2024,256409,303602,USD
Finance,Revenue,Feb 2024,598328,744134,USD
Finance,Revenue,Mar 2024,386534,402709,USD
Finance,Revenue,Apr 2024,277167,306460,USD
Finance,Revenue,May 2024,432340,535559,USD
Finance,Revenue,Jun 2024,324057,379331,USD
Finance,Revenue,Jul 2024,488806,449747,USD
Finance,Revenue,Aug 2024,340096,345177,USD
Finance,Revenue,Sep 2024,266737,215293,USD
Finance,Revenue,Oct 2024,435808,362042,USD
Finance,Revenue,Nov 2024,275393,213366,USD
Finance,Revenue,Dec 2024,405534,360082,USD
Finance,COGS,Jan 2022,190494,224793,USD
Finance,COGS,Feb 2022,98033,95921,USD
Finance,COGS,Mar 2022,132551,149313,USD
Finance,COGS,Apr 2022,152254,159376,USD
Finance,COGS,May 2022,86401,93031,USD
Finance,COGS,Jun 2022,77072,76181,USD
Finance,COGS,Jul 2022,178737,153173,USD
Finance,COGS,Aug 2022,124563,128336,USD
Finance,COGS,Sep 2022,135508,140160,USD
Finance,COGS,Oct 2022,191753,162330,USD
Finance,COGS,Nov 2022,150537,161384,USD
Finance,COGS,Dec 2022,82941,100894,USD
Finance,COGS,Jan 2023,94247,109114,USD
Finance,COGS,Feb 2023,192420,234915,USD
Finance,COGS,Mar 2023,111531,107694,USD
Finance,COGS,Apr 2023,110993,91116,USD
Finance,COGS,May 2023,145613,143525,USD
Finance,COGS,Jun 2023,106025,127880,USD
Finance,COGS,Jul 2023,189666,154527,USD
Finance,COGS,Aug 2023,199256,248121,USD
Finance,COGS,Sep 2023,165173,180404,USD
Finance,COGS,Oct 2023,173474,202364,USD
Finance,COGS,Nov 2023,151043,156467,USD
Finance,COGS,Dec 2023,182978,213189,USD
Finance,COGS,Jan 2024,67153,74866,USD
Finance,COGS,Feb 2024,71407,76589,USD
Finance,COGS,Mar 2024,106305,85428,USD
Finance,COGS,Apr 2024,127199,156643,USD
Finance,COGS,May 2024,180278,144483,USD
Finance,COGS,Jun 2024,181608,137735,USD
Finance,COGS,Jul 2024,78404,78934,USD
Finance,COGS,Aug 2024,188288,231556,USD
Finance,COGS,Sep 2024,129724,106549,USD
Finance,COGS,Oct 2024,198956,159061,USD
Finance,COGS,Nov 2024,79615,81744,USD
Finance,COGS,Dec 2024,189876,178053,USD
Finance,Operating Expenses,Jan 2022,136668,162347,USD
Finance,Operating Expenses,Feb 2022,144862,168904,USD
Finance,Operating Expenses,Mar 2022,179987,147048,USD
Finance,Operating Expenses,Apr 2022,182401,219083,USD
Finance,Operating Expenses,May 2022,133333,140014,USD
Finance,Operating Expenses,Jun 2022,132449,100175,USD
Finance,Operating Expenses,Jul 2022,139201,160997,USD
Finance,Operating Expenses,Aug 2022,122081,120538,USD
Finance,Operating Expenses,Sep 2022,174579,173335,USD
Finance,Operating Expenses,Oct 2022,175894,192273,USD
Finance,Operating Expenses,Nov 2022,102221,82861,USD
Finance,Operating Expenses,Dec 2022,198530,214417,USD
Finance,Operating Expenses,Jan 2023,117935,114088,USD
Finance,Operating Expenses,Feb 2023,79056,78077,USD
Finance,Operating Expenses,Mar 2023,77044,74890,USD
Finance,Operating Expenses,Apr 2023,98560,85831,USD
Finance,Operating Expenses,May 2023,120002,147919,USD
Finance,Operating Expenses,Jun 2023,146403,138882,USD
Finance,Operating Expenses,Jul 2023,185341,216021,USD
Finance,Operating Expenses,Aug 2023,174934,175234,USD
Finance,Operating Expenses,Sep 2023,192519,208806,USD
Finance,Operating Expenses,Oct 2023,66363,67197,USD
Finance,Operating Expenses,Nov 2023,162466,164527,USD
Finance,Operating Expenses,Dec 2023,143154,176341,USD
Finance,Operating Expenses,Jan 2024,172783,205085,USD
Finance,Operating Expenses,Feb 2024,112669,136151,USD
Finance,Operating Expenses,Mar 2024,144017,129068,USD
Finance,Operating Expenses,Apr 2024,193105,190514,USD
Finance,Operating Expenses,May 2024,156783,182739,USD
Finance,Operating Expenses,Jun 2024,193738,177396,USD
Finance,Operating Expenses,Jul 2024,93423,105313,USD
Finance,Operating Expenses,Aug 2024,118324,103375,USD
Finance,Operating Expenses,Sep 2024,172059,177009,USD
Finance,Operating Expenses,Oct 2024,65398,73475,USD
Finance,Operating Expenses,Nov 2024,136697,164657,USD
Finance,Operating Expenses,Dec 2024,124493,151394,USD
Finance,Other Income,Jan 2022,155515,155051,USD
Finance,Other Income,Feb 2022,159222,174011,USD
Finance,Other Income,Mar 2022,69916,61395,USD
Finance,Other Income,Apr 2022,179221,173575,USD
Finance,Other Income,May 2022,168372,143734,USD
Finance,Other Income,Jun 2022,140233,122224,USD
Finance,Other Income,Jul 2022,147616,133063,USD
Finance,Other Income,Aug 2022,125225,147997,USD
Finance,Other Income,Sep 2022,156814,139594,USD
Finance,Other Income,Oct 2022,120516,117385,USD
Finance,Other Income,Nov 2022,94261,76596,USD
Finance,Other Income,Dec 2022,64027,71330,USD
Finance,Other Income,Jan 2023,93367,92912,USD
Finance,Other Income,Feb 2023,117480,88655,USD
Finance,Other Income,Mar 2023,198577,232144,USD
Finance,Other Income,Apr 2023,122582,127889,USD
Finance,Other Income,May 2023,60145,72264,USD
Finance,Other Income,Jun 2023,193965,156975,USD
Finance,Other Income,Jul 2023,71324,55341,USD
Finance,Other Income,Aug 2023,89256,71558,USD
Finance,Other Income,Sep 2023,149824,128548,USD
Finance,Other Income,Oct 2023,121480,94320,USD
Finance,Other Income,Nov 2023,96266,87672,USD
Finance,Other Income,Dec 2023,123032,134526,USD
Finance,Other Income,Jan 2024,114531,86700,USD
Finance,Other Income,Feb 2024,101467,85730,USD
Finance,Other Income,Mar 2024,169984,137166,USD
Finance,Other Income,Apr 2024,181306,211097,USD
Finance,Other Income,May 2024,81105,70804,USD
Finance,Other Income,Jun 2024,120688,132309,USD
Finance,Other Income,Jul 2024,194204,237017,USD
Finance,Other Income,Aug 2024,89095,103447,USD
Finance,Other Income,Sep 2024,114505,116988,USD
Finance,Other Income,Oct 2024,171916,196693,USD
Finance,Other Income,Nov 2024,61362,66845,USD
Finance,Other Income,Dec 2024,146327,117161,USD
IT,Revenue,Jan 2022,284550,231420,USD
IT,Revenue,Feb 2022,516137,579910,USD
IT,Revenue,Mar 2022,599353,481025,USD
IT,Revenue,Apr 2022,340942,329448,USD
IT,Revenue,May 2022,504374,383760,USD
IT,Revenue,Jun 2022,529261,513519,USD
IT,Revenue,Jul 2022,530020,589126,USD
IT,Revenue,Aug 2022,268903,317470,USD
IT,Revenue,Sep 2022,365506,344200,USD
IT,Revenue,Oct 2022,550158,583788,USD
IT,Revenue,Nov 2022,349717,304447,USD
IT,Revenue,Dec 2022,439918,386570,USD
IT,Revenue,Jan 2023,589122,608482,USD
IT,Revenue,Feb 2023,490380,513070,USD
IT,Revenue,Mar 2023,520730,570997,USD
IT,Revenue,Apr 2023,346154,415874,USD
IT,Revenue,May 2023,276256,290755,USD
IT,Revenue,Jun 2023,280056,279620,USD
IT,Revenue,Jul 2023,575968,439715,USD
IT,Revenue,Aug 2023,574274,670471,USD
IT,Revenue,Sep 2023,519341,496708,USD
IT,Revenue,Oct 2023,327013,383695,USD
IT,Revenue,Nov 2023,456171,412852,USD
IT,Revenue,Dec 2023,421672,367410,USD
IT,Revenue,Jan 2024,415843,456455,USD
IT,Revenue,Feb 2024,525070,535523,USD
IT,Revenue,Mar 2024,375481,325484,USD
IT,Revenue,Apr 2024,279352,325366,USD
IT,Revenue,May 2024,599164,526371,USD
IT,Revenue,Jun 2024,520476,590454,USD
IT,Revenue,Jul 2024,391729,319568,USD
IT,Revenue,Aug 2024,550367,603496,USD
IT,Revenue,Sep 2024,334672,259759,USD
IT,Revenue,Oct 2024,586946,666477,USD
IT,Revenue,Nov 2024,443505,362454,USD
IT,Revenue,Dec 2024,597492,556722,USD
IT,COGS,Jan 2022,80449,87637,USD
IT,COGS,Feb 2022,167414,189127,USD
IT,COGS,Mar 2022,73985,80630,USD
IT,COGS,Apr 2022,168091,188727,USD
IT,COGS,May 2022,100420,93945,USD
IT,COGS,Jun 2022,186961,181057,USD
IT,COGS,Jul 2022,101260,105549,USD
IT,COGS,Aug 2022,69790,72153,USD
IT,COGS,Sep 2022,87142,72286,USD
IT,COGS,Oct 2022,124053,135967,USD
IT,COGS,Nov 2022,73084,69533,USD
IT,COGS,Dec 2022,158349,194121,USD
IT,COGS,Jan 2023,140135,136368,USD
IT,COGS,Feb 2023,165495,189711,USD
IT,COGS,Mar 2023,95256,75043,USD
IT,COGS,Apr 2023,107340,87030,USD
IT,COGS,May 2023,111673,88603,USD
IT,COGS,Jun 2023,179975,211241,USD
IT,COGS,Jul 2023,108557,98637,USD
IT,COGS,Aug 2023,157030,142529,USD
IT,COGS,Sep 2023,66475,72063,USD
IT,COGS,Oct 2023,168160,162313,USD
IT,COGS,Nov 2023,130719,99933,USD
IT,COGS,Dec 2023,87404,102808,USD
IT,COGS,Jan 2024,171329,168162,USD
IT,COGS,Feb 2024,198273,196600,USD
IT,COGS,Mar 2024,106868,96082,USD
IT,COGS,Apr 2024,167905,151596,USD
IT,COGS,May 2024,104426,106142,USD
IT,COGS,Jun 2024,198731,196536,USD
IT,COGS,Jul 2024,97085,116804,USD
IT,COGS,Aug 2024,92206,97678,USD
IT,COGS,Sep 2024,175275,140232,USD
IT,COGS,Oct 2024,145175,156358,USD
IT,COGS,Nov 2024,150633,125326,USD
IT,COGS,Dec 2024,140597,166701,USD
IT,Operating Expenses,Jan 2022,154279,157500,USD
IT,Operating Expenses,Feb 2022,190849,187233,USD
IT,Operating Expenses,Mar 2022,105627,119385,USD
IT,Operating Expenses,Apr 2022,71393,78059,USD
IT,Operating Expenses,May 2022,98492,99230,USD
IT,Operating Expenses,Jun 2022,99024,75962,USD
IT,Operating Expenses,Jul 2022,172124,143292,USD
IT,Operating Expenses,Aug 2022,165289,186026,USD
IT,Operating Expenses,Sep 2022,192887,189198,USD
IT,Operating Expenses,Oct 2022,136282,159419,USD
IT,Operating Expenses,Nov 2022,154190,174363,USD
IT,Operating Expenses,Dec 2022,198163,173890,USD
IT,Operating Expenses,Jan 2023,174963,168266,USD
IT,Operating Expenses,Feb 2023,138277,149892,USD
IT,Operating Expenses,Mar 2023,64231,59641,USD
IT,Operating Expenses,Apr 2023,153654,125140,USD
IT,Operating Expenses,May 2023,130799,124065,USD
IT,Operating Expenses,Jun 2023,85059,103286,USD
IT,Operating Expenses,Jul 2023,193444,156726,USD
IT,Operating Expenses,Aug 2023,191062,215919,USD
IT,Operating Expenses,Sep 2023,178196,182155,USD
IT,Operating Expenses,Oct 2023,132142,131109,USD
IT,Operating Expenses,Nov 2023,69523,66252,USD
IT,Operating Expenses,Dec 2023,182208,170307,USD
IT,Operating Expenses,Jan 2024,96651,79728,USD
IT,Operating Expenses,Feb 2024,162677,166030,USD
IT,Operating Expenses,Mar 2024,125990,112559,USD
IT,Operating Expenses,Apr 2024,163677,145886,USD
IT,Operating Expenses,May 2024,115232,137530,USD
IT,Operating Expenses,Jun 2024,126900,100461,USD
IT,Operating Expenses,Jul 2024,80161,81782,USD
IT,Operating Expenses,Aug 2024,60420,66525,USD
IT,Operating Expenses,Sep 2024,93084,71449,USD
IT,Operating Expenses,Oct 2024,198357,180203,USD
IT,Operating Expenses,Nov 2024,119102,137149,USD
IT,Operating Expenses,Dec 2024,72772,82807,USD
IT,Other Income,Jan 2022,142423,144037,USD
IT,Other Income,Feb 2022,108554,100117,USD
IT,Other Income,Mar 2022,145420,158016,USD
IT,Other Income,Apr 2022,67192,51205,USD
IT,Other Income,May 2022,60479,49771,USD
IT,Other Income,Jun 2022,198347,169434,USD
IT,Other Income,Jul 2022,195227,172536,USD
IT,Other Income,Aug 2022,161125,137862,USD
IT,Other Income,Sep 2022,81381,90656,USD
IT,Other Income,Oct 2022,96439,83654,USD
IT,Other Income,Nov 2022,171261,178885,USD
IT,Other Income,Dec 2022,117522,131488,USD
IT,Other Income,Jan 2023,133119,150592,USD
IT,Other Income,Feb 2023,170319,163384,USD
IT,Other Income,Mar 2023,135906,158287,USD
IT,Other Income,Apr 2023,161069,152237,USD
IT,Other Income,May 2023,199062,196418,USD
IT,Other Income,Jun 2023,134390,134868,USD
IT,Other Income,Jul 2023,183044,165599,USD
IT,Other Income,Aug 2023,88923,96251,USD
IT,Other Income,Sep 2023,105112,129574,USD
IT,Other Income,Oct 2023,94632,116963,USD
IT,Other Income,Nov 2023,110798,88538,USD
IT,Other Income,Dec 2023,178473,144872,USD
IT,Other Income,Jan 2024,66372,61870,USD
IT,Other Income,Feb 2024,82662,66615,USD
IT,Other Income,Mar 2024,98625,91273,USD
IT,Other Income,Apr 2024,87941,72431,USD
IT,Other Income,May 2024,84890,68416,USD
IT,Other Income,Jun 2024,109793,95420,USD
IT,Other Income,Jul 2024,152639,156038,USD
IT,Other Income,Aug 2024,150904,144824,USD
IT,Other Income,Sep 2024,111520,101670,USD
IT,Other Income,Oct 2024,162133,177246,USD
IT,Other Income,Nov 2024,95789,113405,USD
IT,Other Income,Dec 2024,172555,152370,USD
Operations,Revenue,Jan 2022,347860,266396,USD
Operations,Revenue,Feb 2022,445206,464508,USD
Operations,Revenue,Mar 2022,424242,442377,USD
Operations,Revenue,Apr 2022,443382,357526,USD
Operations,Revenue,May 2022,262181,283881,USD
Operations,Revenue,Jun 2022,589017,691387,USD
Operations,Revenue,Jul 2022,485960,488174,USD
Operations,Revenue,Aug 2022,436141,379920,USD
Operations,Revenue,Sep 2022,338302,395043,USD
Operations,Revenue,Oct 2022,547426,654674,USD
Operations,Revenue,Nov 2022,455150,383921,USD
Operations,Revenue,Dec 2022,317682,279354,USD
Operations,Revenue,Jan 2023,368744,399262,USD
Operations,Revenue,Feb 2023,391067,322708,USD
Operations,Revenue,Mar 2023,313974,278514,USD
Operations,Revenue,Apr 2023,266233,327975,USD
Operations,Revenue,May 2023,463305,413402,USD
Operations,Revenue,Jun 2023,578873,522953,USD
Operations,Revenue,Jul 2023,261789,206056,USD
Operations,Revenue,Aug 2023,341214,271038,USD
Operations,Revenue,Sep 2023,464736,580651,USD
Operations,Revenue,Oct 2023,451661,356211,USD
Operations,Revenue,Nov 2023,502866,415164,USD
Operations,Revenue,Dec 2023,446616,391932,USD
Operations,Revenue,Jan 2024,346884,297562,USD
Operations,Revenue,Feb 2024,538553,429106,USD
Operations,Revenue,Mar 2024,345384,292235,USD
Operations,Revenue,Apr 2024,336332,313010,USD
Operations,Revenue,May 2024,280517,310369,USD
Operations,Revenue,Jun 2024,260986,286948,USD
Operations,Revenue,Jul 2024,381744,469153,USD
Operations,Revenue,Aug 2024,382908,287643,USD
Operations,Revenue,Sep 2024,291342,250248,USD
Operations,Revenue,Oct 2024,295744,311448,USD
Operations,Revenue,Nov 2024,457599,413021,USD
Operations,Revenue,Dec 2024,272770,304782,USD
Operations,COGS,Jan 2022,161373,143111,USD
Operations,COGS,Feb 2022,154594,146557,USD
Operations,COGS,Mar 2022,160559,122351,USD
Operations,COGS,Apr 2022,181893,158563,USD
Operations,COGS,May 2022,125546,135679,USD
Operations,COGS,Jun 2022,143982,109328,USD
Operations,COGS,Jul 2022,126549,120345,USD
Operations,COGS,Aug 2022,142865,151904,USD
Operations,COGS,Sep 2022,104291,103596,USD
Operations,COGS,Oct 2022,140551,153191,USD
Operations,COGS,Nov 2022,116810,109982,USD
Operations,COGS,Dec 2022,121828,146411,USD
Operations,COGS,Jan 2023,189179,169709,USD
Operations,COGS,Feb 2023,197508,226727,USD
Operations,COGS,Mar 2023,101989,123088,USD
Operations,COGS,Apr 2023,117761,122971,USD
Operations,COGS,May 2023,83979,70518,USD
Operations,COGS,Jun 2023,70462,58042,USD
Operations,COGS,Jul 2023,190602,219622,USD
Operations,COGS,Aug 2023,143502,126521,USD
Operations,COGS,Sep 2023,178883,143728,USD
Operations,COGS,Oct 2023,165699,198616,USD
Operations,COGS,Nov 2023,114275,107226,USD
Operations,COGS,Dec 2023,161063,124816,USD
Operations,COGS,Jan 2024,136540,121974,USD
Operations,COGS,Feb 2024,179088,139174,USD
Operations,COGS,Mar 2024,95282,83633,USD
Operations,COGS,Apr 2024,148593,180067,USD
Operations,COGS,May 2024,70887,83888,USD
Operations,COGS,Jun 2024,192211,189158,USD
Operations,COGS,Jul 2024,105585,101204,USD
Operations,COGS,Aug 2024,189624,229827,USD
Operations,COGS,Sep 2024,185259,170640,USD
Operations,COGS,Oct 2024,179436,145821,USD
Operations,COGS,Nov 2024,164687,195427,USD
Operations,COGS,Dec 2024,77726,89975,USD
Operations,Operating Expenses,Jan 2022,162767,144707,USD
Operations,Operating Expenses,Feb 2022,113147,92337,USD
Operations,Operating Expenses,Mar 2022,157011,144620,USD
Operations,Operating Expenses,Apr 2022,95207,88287,USD
Operations,Operating Expenses,May 2022,66061,58265,USD
Operations,Operating Expenses,Jun 2022,107736,127473,USD
Operations,Operating Expenses,Jul 2022,129236,106405,USD
Operations,Operating Expenses,Aug 2022,87308,72507,USD
Operations,Operating Expenses,Sep 2022,151138,161495,USD
Operations,Operating Expenses,Oct 2022,115747,136048,USD
Operations,Operating Expenses,Nov 2022,75998,79167,USD
Operations,Operating Expenses,Dec 2022,191602,206835,USD
Operations,Operating Expenses,Jan 2023,133231,120359,USD
Operations,Operating Expenses,Feb 2023,126813,130470,USD
Operations,Operating Expenses,Mar 2023,185013,207772,USD
Operations,Operating Expenses,Apr 2023,168081,194552,USD
Operations,Operating Expenses,May 2023,126114,119661,USD
Operations,Operating Expenses,Jun 2023,148587,180993,USD
Operations,Operating Expenses,Jul 2023,157948,168441,USD
Operations,Operating Expenses,Aug 2023,90390,79960,USD
Operations,Operating Expenses,Sep 2023,81260,90365,USD
Operations,Operating Expenses,Oct 2023,88752,75396,USD
Operations,Operating Expenses,Nov 2023,177348,141942,USD
Operations,Operating Expenses,Dec 2023,179354,189647,USD
Operations,Operating Expenses,Jan 2024,156075,187463,USD
Operations,Operating Expenses,Feb 2024,191179,189105,USD
Operations,Operating Expenses,Mar 2024,179676,198195,USD
Operations,Operating Expenses,Apr 2024,157120,123722,USD
Operations,Operating Expenses,May 2024,86673,73214,USD
Operations,Operating Expenses,Jun 2024,168925,198578,USD
Operations,Operating Expenses,Jul 2024,71329,62454,USD
Operations,Operating Expenses,Aug 2024,161017,158131,USD
Operations,Operating Expenses,Sep 2024,159453,171969,USD
Operations,Operating Expenses,Oct 2024,147517,134944,USD
Operations,Operating Expenses,Nov 2024,89799,74722,USD
Operations,Operating Expenses,Dec 2024,187437,191679,USD
Operations,Other Income,Jan 2022,191120,179030,USD
Operations,Other Income,Feb 2022,193262,226147,USD
Operations,Other Income,Mar 2022,99900,99911,USD
Operations,Other Income,Apr 2022,189985,229322,USD
Operations,Other Income,May 2022,88767,66760,USD
Operations,Other Income,Jun 2022,178661,209401,USD
Operations,Other Income,Jul 2022,85080,99889,USD
Operations,Other Income,Aug 2022,106905,118219,USD
Operations,Other Income,Sep 2022,76017,79112,USD
Operations,Other Income,Oct 2022,181613,147861,USD
Operations,Other Income,Nov 2022,131933,137871,USD
Operations,Other Income,Dec 2022,159315,191084,USD
Operations,Other Income,Jan 2023,68456,76694,USD
Operations,Other Income,Feb 2023,91227,70957,USD
Operations,Other Income,Mar 2023,67094,63899,USD
Operations,Other Income,Apr 2023,172819,141970,USD
Operations,Other Income,May 2023,81847,73323,USD
Operations,Other Income,Jun 2023,150039,130277,USD
Operations,Other Income,Jul 2023,112323,96591,USD
Operations,Other Income,Aug 2023,180732,137174,USD
Operations,Other Income,Sep 2023,145782,173578,USD
Operations,Other Income,Oct 2023,142358,162256,USD
Operations,Other Income,Nov 2023,95234,102599,USD
Operations,Other Income,Dec 2023,178324,146882,USD
Operations,Other Income,Jan 2024,165260,186507,USD
Operations,Other Income,Feb 2024,64062,67935,USD
Operations,Other Income,Mar 2024,79780,81791,USD
Operations,Other Income,Apr 2024,190436,177981,USD
Operations,Other Income,May 2024,88697,91769,USD
Operations,Other Income,Jun 2024,137072,118912,USD
Operations,Other Income,Jul 2024,138106,122052,USD
Operations,Other Income,Aug 2024,197075,151494,USD
Operations,Other Income,Sep 2024,165690,168840,USD
Operations,Other Income,Oct 2024,157009,140233,USD
Operations,Other Income,Nov 2024,142806,140651,USD
Operations,Other Income,Dec 2024,166562,195834,USD
